,complete_bonus,beta,eta,alpha,tau,num_visited_per_episode,steps_per_episode,last_station,mean_num_visited,median_steps
1,1,1,1,0.1,0.0001,"[272, 272, 272, 272, 272, 272, 272, 272, 272, 272]","[6909, 9848, 6216, 2968, 2405, 2941, 3900, 2806, 2500, 2610]","['Chesham (mn)', 'Amersham (mn)', 'Chesham (mn)', 'West Ruislip (cw)', 'Stanmore (jw)', 'Walthamstow Central (vn)', 'Chesham (mn)', 'Cockfosters (pe)', 'Walthamstow Central (vn)', 'High Barnet (nn)']",272.0,2954.5
17,1,100,100,0.1,0.0001,"[272, 272, 272, 272, 272, 272, 272, 272, 272, 272]","[3632, 8423, 4069, 5297, 3739, 3336, 3952, 4759, 4053, 3655]","['Heathrow Terminal 4 (pw)', 'Heathrow Terminal 5 (pw)', 'Lambeth North (bn)', 'Highbury & Islington (vn)', 'Lambeth North (bs)', 'Covent Garden (pw)', 'Highbury & Islington (vn)', 'Heathrow Terminal 5 (pw)', 'Mill Hill East (nn)', 'Old Street (ns)']",272.0,4002.5
3,1,1,10,0.1,0.0001,"[272, 272, 272, 272, 272, 272, 272, 272, 272, 272]","[6142, 15944, 7259, 5175, 4157, 3755, 3860, 3573, 3232, 3445]","['Chesham (mn)', 'Amersham (mn)', 'Hyde Park Corner (pe)', 'Highbury & Islington (vn)', 'Mill Hill East (nn)', 'Epping (ce)', 'Epping (ce)', 'West Acton (cw)', 'Watford (mn)', 'Cockfosters (pe)']",272.0,4008.5
15,1,100,10,0.1,0.0001,"[272, 272, 272, 272, 272, 272, 272, 272, 272, 272]","[5263, 14992, 5345, 4415, 4931, 3286, 3346, 3617, 2577, 2587]","['Amersham (mn)', 'Chesham (mn)', 'Edgware (nn)', 'St Jamess Park (rdw)', 'Stanmore (jw)', 'Brixton (vs)', 'Barbican (rhme)', 'Stanmore (jw)', 'Uxbridge (mpn)', 'Vauxhall (vs)']",272.0,4016.0
9,1,10,10,0.1,0.0001,"[272, 272, 272, 272, 272, 272, 272, 272, 272, 272]","[5970, 15183, 5678, 5725, 4236, 3970, 3946, 2953, 3728, 3658]","['Amersham (mn)', 'Chesham (mn)', 'Euston Square (rhme)', 'Regents Park (bn)', 'Highbury & Islington (vn)', 'Mill Hill East (nn)', 'Richmond (dw)', 'Regents Park (bn)', 'Russell Square (pw)', 'Clapham North (nn)']",272.0,4103.0
13,1,100,1,0.1,0.0001,"[272, 272, 272, 272, 272, 272, 272, 272, 272, 272]","[4490, 5795, 12896, 7177, 5300, 3950, 3769, 2850, 2708, 2562]","['Heathrow Terminal 4 (pw)', 'Amersham (mn)', 'Chesham (mn)', 'Amersham (mn)', 'Mill Hill East (nn)', 'Oval (nn)', 'Pimlico (vn)', 'Kentish Town (ns)', 'Arsenal (pe)', 'Upminster (de)']",272.0,4220.0
7,1,10,1,0.1,0.0001,"[272, 272, 272, 272, 272, 272, 272, 272, 272, 272]","[4749, 13885, 12383, 4450, 4496, 3607, 3994, 2275, 3505, 3308]","['Chesham (mn)', 'Amersham (mn)', 'Chesham (mn)', 'Canning Town (je)', 'High Barnet (nn)', 'Epping (ce)', 'Upminster (de)', 'Highbury & Islington (vn)', 'Mill Hill East (nn)', 'West Ruislip (cw)']",272.0,4222.0
25,10,10,1,0.1,0.0001,"[272, 272, 272, 272, 272, 272, 272, 272, 272, 272]","[4705, 11610, 4331, 7782, 4149, 3927, 2450, 3245, 2962, 4996]","['Amersham (mn)', 'Chesham (mn)', 'Uxbridge (mpn)', 'Watford (mn)', 'Edgware (nn)', 'High Barnet (nn)', 'Highbury & Islington (vn)', 'West Finchley (ns)', 'Brixton (vs)', 'Mill Hill East (nn)']",272.0,4240.0
2,1,1,10,0.1,0.1,"[272, 272, 272, 272, 272, 272, 272, 272, 272, 272]","[8799, 5833, 7461, 8505, 4188, 4213, 3432, 4577, 4724, 3404]","['Heathrow Terminal 5 (pw)', 'Harrow & Wealdstone (bn)', 'Heathrow Terminal 4 (pw)', 'Heathrow Terminal 5 (pw)', 'Heathrow Terminal 4 (pw)', 'High Barnet (nn)', 'Stanmore (jw)', 'Mill Hill East (nn)', 'Battersea Power Station (ns)', 'Edgware (nn)']",272.0,4650.5
49,100,100,1,0.1,0.0001,"[272, 272, 272, 272, 272, 272, 272, 272, 272, 272]","[4963, 7161, 9495, 8055, 4215, 2895, 4804, 3978, 2973, 11063]","['Heathrow Terminal 4 (pw)', 'Heathrow Terminal 5 (pw)', 'Heathrow Terminal 4 (pw)', 'Heathrow Terminal 5 (pw)', 'Russell Square (pw)', 'Barbican (rhme)', 'Temple (rdw)', 'Highbury & Islington (vn)', 'Goldhawk Road (rhw)', 'Seven Sisters (vs)']",272.0,4883.5
33,10,100,10,0.1,0.0001,"[272, 272, 272, 272, 272, 272, 272, 272, 272, 272]","[7152, 18937, 8021, 4994, 3919, 3966, 4837, 6115, 4839, 4707]","['Amersham (mn)', 'Chesham (mn)', 'East Finchley (nn)', 'Upminster (de)', 'Bromley-by-Bow (dhe)', 'Highbury & Islington (vn)', 'Mill Hill East (nn)', 'West Finchley (ns)', 'Stanmore (jw)', 'Epping (ce)']",272.0,4916.5
12,1,100,1,0.1,0.1,"[272, 272, 272, 272, 272, 272, 272, 272, 272, 272]","[11037, 7572, 4377, 5578, 4997, 3868, 5457, 4386, 5046, 4146]","['Heathrow Terminal 5 (pw)', 'Stanmore (jw)', 'Walthamstow Central (vn)', 'Upminster (de)', 'Upminster (de)', 'Upminster (de)', 'Battersea Power Station (ns)', 'Battersea Power Station (ns)', 'Oval (nn)', 'West Acton (ce)']",272.0,5021.5
5,1,1,100,0.1,0.0001,"[272, 272, 272, 272, 272, 272, 272, 272, 272, 272]","[3699, 15579, 8656, 6511, 7027, 4919, 5173, 3722, 3940, 3671]","['Amersham (mn)', 'Chesham (mn)', 'Warren Street (nn)', 'West Kensington (dw)', 'Russell Square (pw)', 'Euston Square (rhme)', 'Mornington Crescent (nn)', 'Euston Square (rhme)', 'Epping (ce)', 'South Wimbledon (ns)']",272.0,5046.0
35,10,100,100,0.1,0.0001,"[272, 272, 272, 272, 272, 272, 272, 272, 272, 272]","[5109, 16427, 6603, 7111, 4972, 5233, 3841, 3905, 4120, 5848]","['Amersham (mn)', 'Chesham (mn)', 'Monument (rde)', 'St Jamess Park (rde)', 'St Jamess Park (rde)', 'St Jamess Park (rde)', 'Warren Street (nn)', 'Goodge Street (ns)', 'Highbury & Islington (vn)', 'Seven Sisters (vs)']",272.0,5171.0
26,10,10,10,0.1,0.1,"[272, 272, 272, 272, 272, 272, 272, 272, 272, 272]","[2965, 11768, 3099, 9686, 4905, 5499, 5214, 4184, 5331, 6107]","['Watford (mn)', 'Chesham (mn)', 'West Ruislip (cw)', 'Watford (mn)', 'Chiswick Park (de)', 'East Acton (cw)', 'Upminster (de)', 'Brixton (vs)', 'High Barnet (nn)', 'West Ruislip (cw)']",272.0,5272.5
8,1,10,10,0.1,0.1,"[272, 272, 272, 272, 272, 272, 272, 272, 272, 272]","[5897, 14979, 5758, 4048, 4887, 7090, 4224, 3848, 3652, 7622]","['Chesham (mn)', 'Amersham (mn)', 'Chesham (mn)', 'Battersea Power Station (ns)', 'Cockfosters (pe)', 'Battersea Power Station (ns)', 'Heathrow Terminal 4 (pw)', 'South Harrow (pw)', 'Mill Hill East (nn)', 'High Barnet (nn)']",272.0,5322.5
53,100,100,100,0.1,0.0001,"[272, 272, 272, 272, 272, 272, 272, 272, 272, 272]","[5401, 11849, 5063, 5248, 6444, 8552, 4959, 4918, 6973, 4626]","['Amersham (mn)', 'Chesham (mn)', 'Edgware Road (RDH) (rhw1)', 'St Jamess Park (rde)', 'Mornington Crescent (ns)', 'Ravenscourt Park (de)', 'Chesham (mn)', 'St Jamess Park (rdw)', 'Mill Hill East (nn)', 'West Finchley (ns)']",272.0,5324.5
23,10,1,100,0.1,0.0001,"[272, 272, 272, 272, 272, 272, 272, 272, 272, 272]","[4756, 13032, 7821, 6666, 5866, 4973, 4124, 5175, 5520, 5020]","['Chesham (mn)', 'Amersham (mn)', 'Regents Park (bs)', 'Great Portland Street (rhmw)', 'Walthamstow Central (vn)', 'East Finchley (nn)', 'Southwark (je)', 'St Jamess Park (rde)', 'Uxbridge (mpn)', 'Richmond (dw)']",272.0,5347.5
24,10,10,1,0.1,0.1,"[272, 272, 272, 272, 272, 272, 272, 272, 272, 272]","[9637, 5468, 8064, 8270, 6641, 5360, 4113, 4572, 4735, 3900]","['Heathrow Terminal 5 (pw)', 'Heathrow Terminal 5 (pw)', 'Heathrow Terminal 4 (pw)', 'Heathrow Terminal 5 (pw)', 'Heathrow Terminal 5 (pw)', 'Watford (mn)', 'Watford (mn)', 'Walthamstow Central', 'West Finchley (ns)', 'Epping (ce)']",272.0,5414.0
11,1,10,100,0.1,0.0001,"[272, 272, 272, 272, 272, 272, 272, 272, 272, 272]","[8742, 7159, 7734, 5653, 5991, 4233, 4949, 3797, 4534, 5234]","['Chesham (mn)', 'Amersham (mn)', 'Chesham (mn)', 'Heathrow Terminal 4 (pw)', 'Covent Garden (pw)', 'Highbury & Islington (vn)', 'West Harrow (mn)', 'Borough (nn)', 'Goodge Street (nn)', 'Heathrow Terminal 5 (pw)']",272.0,5443.5
31,10,100,1,0.1,0.0001,"[272, 272, 272, 272, 272, 272, 272, 272, 272, 272]","[3131, 5246, 7505, 13821, 12278, 6867, 4901, 5778, 3381, 2662]","['Blackhorse Road (vn)', 'Seven Sisters (vs)', 'Chesham (mn)', 'Amersham (mn)', 'Chesham (mn)', 'Burnt Oak (nn)', 'Upminster (de)', 'Upminster (de)', 'Covent Garden (pw)', 'Mill Hill East (nn)']",272.0,5512.0
4,1,1,100,0.1,0.1,"[272, 272, 272, 272, 272, 272, 272, 272, 272, 272]","[5703, 6810, 8024, 4925, 5011, 4593, 5417, 6184, 6140, 4045]","['Heathrow Terminal 4 (pw)', 'Heathrow Terminal 5 (pw)', 'Watford (mn)', 'Epping (ce)', 'Seven Sisters (vs)', 'Mill Hill East (nn)', 'St Jamess Park (rdw)', 'Stanmore (jw)', 'Battersea Power Station (ns)', 'Euston Square']",272.0,5560.0
27,10,10,10,0.1,0.0001,"[272, 272, 272, 272, 272, 272, 272, 272, 272, 272]","[6324, 7062, 4825, 11263, 5087, 4183, 4023, 6359, 7642, 4243]","['Chesham (mn)', 'Amersham (mn)', 'Walthamstow Central (vn)', 'Watford (mn)', 'Heathrow Terminal 4 (pw)', 'East Finchley (ns)', 'Walthamstow Central (vn)', 'Seven Sisters (vs)', 'Mill Hill East (nn)', 'Arsenal (pe)']",272.0,5705.5
32,10,100,10,0.1,0.1,"[272, 272, 272, 272, 272, 272, 272, 272, 272, 272]","[7252, 5250, 15903, 5244, 3801, 6237, 5190, 4051, 11395, 8240]","['Watford (mn)', 'Watford (mn)', 'Chesham (mn)', 'Stanmore (jw)', 'Upminster (de)', 'Upminster (de)', 'Battersea Power Station (ns)', 'Stanmore (jw)', 'Chesham (mn)', 'Stanmore (jw)']",272.0,5743.5
29,10,10,100,0.1,0.0001,"[272, 272, 272, 272, 272, 272, 272, 272, 272, 272]","[5801, 14305, 8385, 9223, 6937, 5253, 5737, 4253, 3778, 4594]","['Amersham (mn)', 'Chesham (mn)', 'Sloane Square (rdw)', 'Mornington Crescent (ns)', 'Barbican (rhme)', 'Stamford Brook (dw)', 'Goodge Street (nn)', 'Edgware Road (RDH) (rde2)', 'West Kensington (dw)', 'Lambeth North (bn)']",272.0,5769.0
14,1,100,10,0.1,0.1,"[272, 272, 272, 272, 272, 272, 272, 272, 272, 272]","[5672, 5683, 12538, 13189, 5963, 5233, 4523, 4514, 5988, 6115]","['Watford (mn)', 'Chesham (mn)', 'Amersham (mn)', 'Chesham (mn)', 'Whitechapel (dhw)', 'Stanmore (jw)', 'Lambeth North (bs)', 'Epping (ce)', 'Epping (ce)', 'Mill Hill East (nn)']",272.0,5823.0
16,1,100,100,0.1,0.1,"[272, 272, 272, 272, 272, 272, 272, 272, 272, 272]","[5339, 15425, 8994, 5501, 5979, 4716, 5876, 7191, 5344, 7468]","['Amersham (mn)', 'Chesham (mn)', 'Highbury & Islington (vn)', 'Regents Park (bn)', 'Goodge Street (nn)', 'West Harrow (ms)', 'West Kensington (de)', 'Heathrow Terminal 4 (pw)', 'Brixton (vs)', 'Covent Garden (pw)']",272.0,5927.5
22,10,1,100,0.1,0.1,"[272, 272, 272, 272, 272, 272, 272, 272, 272, 272]","[6167, 9727, 5678, 6731, 6370, 5858, 4530, 5752, 6968, 5272]","['Chesham (mn)', 'Amersham (mn)', 'Edgware Road (RDH) (rhw1)', 'Watford (mn)', 'Epping (ce)', 'Highbury & Islington (vn)', 'Battersea Power Station (ns)', 'Bayswater (rde)', 'Heathrow Terminal 5 (pw)', 'Amersham (mn)']",272.0,6012.5
67,1000,100,1,0.1,0.0001,"[272, 272, 272, 270, 272, 272, 272, 272, 272, 272]","[5869, 13434, 10575, 19999, 8505, 4981, 6189, 4242, 5869, 3458]","['Chesham (mn)', 'Amersham (mn)', 'Watford (mn)', 'Embankment', 'Upminster (de)', 'Upminster (de)', 'Upminster (de)', 'Upminster (de)', 'Upminster (de)', 'Upminster (de)']",271.8,6029.0
44,100,10,10,0.1,0.1,"[272, 272, 272, 272, 272, 272, 272, 272, 272, 272]","[6057, 5255, 7399, 4633, 5679, 6241, 11522, 11385, 7216, 6234]","['Richmond (dw)', 'Heathrow Terminal 5 (pw)', 'Harrow & Wealdstone (bn)', 'Heathrow Terminal 4 (pw)', 'Harrow & Wealdstone (bn)', 'Richmond (dw)', 'Heathrow Terminal 5 (pw)', 'Harrow & Wealdstone (bn)', 'Eastcote (mps)', 'Seven Sisters (vs)']",272.0,6237.5
6,1,10,1,0.1,0.1,"[272, 272, 272, 272, 272, 272, 272, 272, 272, 272]","[7510, 12719, 14216, 5381, 9057, 6586, 6161, 5651, 5481, 5415]","['Chesham (mn)', 'Amersham (mn)', 'Chesham (mn)', 'Stanmore (jw)', 'Mill Hill East (nn)', 'Burnt Oak (nn)', 'Harrow & Wealdstone (bn)', 'Walthamstow Central (vn)', 'Battersea Power Station (ns)', 'Burnt Oak (nn)']",272.0,6373.5
20,10,1,10,0.1,0.1,"[272, 272, 272, 272, 272, 272, 272, 272, 272, 272]","[8426, 9129, 8076, 4216, 4252, 6327, 13242, 6668, 6331, 5779]","['Amersham (mn)', 'Chesham (mn)', 'Watford (mn)', 'Knightsbridge (pw)', 'High Barnet (nn)', 'Blackhorse Road (vn)', 'Mill Hill East (nn)', 'Harrow & Wealdstone (bn)', 'Richmond (dw)', 'Harrow & Wealdstone (bn)']",272.0,6499.5
48,100,100,1,0.1,0.1,"[272, 272, 272, 272, 272, 272, 272, 272, 272, 272]","[7872, 10029, 5151, 6384, 6085, 5598, 6323, 17401, 6752, 9328]","['Amersham (mn)', 'Chesham (mn)', 'Upminster (de)', 'Upminster (de)', 'Upminster (de)', 'Bow Road (dhe)', 'Arsenal (pe)', 'Upminster (de)', 'Goodge Street (ns)', 'Upminster (de)']",272.0,6568.0
21,10,1,10,0.1,0.0001,"[272, 272, 272, 272, 272, 272, 272, 272, 272, 272]","[7049, 3594, 6442, 14894, 7051, 7874, 3692, 4017, 7906, 5705]","['Chesham (mn)', 'Walthamstow Central (vn)', 'Chesham (mn)', 'Watford (mn)', 'Bayswater (rde)', 'Epping (ce)', 'Highbury & Islington (vn)', 'Bayswater (rdw)', 'Seven Sisters (vs)', 'Chesham (mn)']",272.0,6745.5
34,10,100,100,0.1,0.1,"[272, 272, 272, 272, 272, 272, 272, 272, 272, 272]","[6959, 10584, 7649, 9735, 7827, 6595, 5428, 5198, 5601, 4494]","['Heathrow Terminal 4 (pw)', 'Heathrow Terminal 5 (pw)', 'Chesham (mn)', 'Amersham (mn)', 'Chesham (mn)', 'Battersea Power Station (ns)', 'Chiswick Park (de)', 'St Jamess Park (rdw)', 'Canning Town (je)', 'Covent Garden (pw)']",272.0,6777.0
19,10,1,1,0.1,0.0001,"[272, 272, 272, 272, 272, 272, 271, 272, 272, 271]","[6847, 6772, 8243, 4927, 3076, 8429, 19999, 4471, 4864, 19999]","['Chesham (mn)', 'Amersham (mn)', 'Chesham (mn)', 'Watford (mn)', 'Mill Hill East (nn)', 'Chesham (mn)', 'Canada Water (je)', 'Roding Valley (ce)', 'Chesham (mn)', 'Woodside Park (nn)']",271.8,6809.5
30,10,100,1,0.1,0.1,"[272, 271, 272, 272, 272, 272, 272, 271, 272, 272]","[6984, 19999, 7111, 5746, 5973, 6115, 9021, 19999, 9482, 6428]","['Amersham (mn)', 'Brent Cross (ns)', 'Mornington Crescent (nn)', 'Lambeth North (bs)', 'Blackhorse Road (vn)', 'Mill Hill East (nn)', 'Amersham (mn)', 'Baker Street (ms)', 'Brixton (vs)', 'Mill Hill East (nn)']",271.8,7047.5
39,100,1,10,0.1,0.0001,"[272, 272, 272, 272, 270, 270, 270, 272, 272, 272]","[6372, 5925, 7769, 4604, 19999, 19999, 19999, 8716, 5371, 3496]","['Amersham (mn)', 'Chesham (mn)', 'Amersham (mn)', 'Heathrow Terminal 4 (pw)', 'Victoria (vs)', 'Green Park (pe)', 'Canary Wharf (je)', 'Arsenal (pe)', 'Goodge Street (ns)', 'Leyton (cw)']",271.4,7070.5
10,1,10,100,0.1,0.1,"[272, 272, 272, 272, 272, 272, 272, 272, 272, 272]","[7604, 12271, 7060, 8158, 5035, 7101, 4880, 5251, 6347, 7675]","['Chesham (mn)', 'Amersham (mn)', 'Euston Square (rhmw)', 'Brixton (vs)', 'Bayswater (rde)', 'Stanmore (jw)', 'Stanmore (jw)', 'Amersham (mn)', 'Epping (ce)', 'Richmond (dw)']",272.0,7080.5
65,1000,10,100,0.1,0.0001,"[272, 272, 272, 267, 270, 272, 272, 272, 272, 272]","[4361, 10380, 5321, 19999, 19999, 9656, 6067, 5497, 6615, 7609]","['Chesham (mn)', 'Amersham (mn)', 'Heathrow Terminal 4 (pw)', 'Kings Cross St Pancras', 'Kings Cross St Pancras', 'Goodge Street (nn)', 'Southwark (jw)', 'Bayswater (rdw)', 'Richmond (dw)', 'Goodge Street (ns)']",271.3,7112.0
69,1000,100,10,0.1,0.0001,"[272, 272, 272, 271, 270, 272, 272, 272, 272, 272]","[5360, 12266, 6728, 19999, 19999, 7544, 6365, 6256, 14233, 5800]","['Amersham (mn)', 'Chesham (mn)', 'Cockfosters (pe)', 'Waterloo (wn)', 'Swiss Cottage (je)', 'Seven Sisters (vs)', 'Lambeth North (bs)', 'Sloane Square (rdw)', 'Battersea Power Station (ns)', 'Brixton (vs)']",271.7,7136.0
28,10,10,100,0.1,0.1,"[272, 272, 272, 272, 272, 272, 272, 272, 272, 272]","[7646, 14447, 8962, 7189, 5990, 7088, 5855, 7920, 6078, 6795]","['Chesham (mn)', 'Amersham (mn)', 'Goodge Street (ns)', 'Cockfosters (pe)', 'Mornington Crescent (nn)', 'Upminster (de)', 'Whitechapel (dhw)', 'Mill Hill East (nn)', 'High Barnet (nn)', 'Uxbridge (mpn)']",272.0,7138.5
50,100,100,10,0.1,0.1,"[272, 272, 272, 272, 272, 272, 272, 272, 272, 272]","[3425, 5498, 13417, 6543, 5270, 9583, 15471, 6024, 7868, 8374]","['Roding Valley (ce)', 'Chesham (mn)', 'Amersham (mn)', 'Harrow & Wealdstone (bn)', 'Arsenal (pe)', 'Amersham (mn)', 'Chesham (mn)', 'Upminster (de)', 'Southgate (pe)', 'Chesham (mn)']",272.0,7205.5
47,100,10,100,0.1,0.0001,"[272, 272, 272, 272, 272, 271, 272, 272, 272, 272]","[5846, 6560, 14601, 7551, 6815, 19999, 13085, 6882, 7430, 9687]","['Amersham (mn)', 'Chesham (mn)', 'Watford (mn)', 'Kentish Town (ns)', 'Edgware Road (RDH) (rhw1)', 'Mornington Crescent (ns)', 'Bayswater (rdw)', 'Edgware Road (B) (bn)', 'Great Portland Street (rhme)', 'Harrow & Wealdstone (bn)']",271.9,7490.5
0,1,1,1,0.1,0.1,"[272, 272, 272, 272, 272, 272, 272, 272, 272, 272]","[18719, 19183, 6010, 6717, 11152, 3238, 4078, 6139, 14435, 8429]","['Chesham (mn)', 'Lambeth North (bs)', 'Stanmore (jw)', 'Mill Hill East (nn)', 'High Barnet (nn)', 'Ealing Broadway (cw)', 'Heathrow Terminal 5 (pw)', 'Richmond (dw)', 'Mill Hill East (nn)', 'Amersham (mn)']",272.0,7573.0
52,100,100,100,0.1,0.1,"[272, 272, 272, 272, 272, 272, 272, 272, 272, 272]","[8378, 10722, 5578, 5267, 6133, 14559, 7013, 12383, 11888, 5561]","['Chesham (mn)', 'Amersham (mn)', 'Swiss Cottage (jw)', 'West Kensington (de)', 'Chesham (mn)', 'Amersham (mn)', 'South Wimbledon (ns)', 'Chesham (mn)', 'Amersham (mn)', 'Covent Garden (pw)']",272.0,7695.5
37,100,1,1,0.1,0.0001,"[272, 272, 272, 272, 270, 271, 270, 270, 272, 272]","[6636, 8878, 6351, 5535, 19999, 19999, 19999, 19999, 5204, 4786]","['Chesham (mn)', 'Heathrow Terminal 5 (pw)', 'Chesham (mn)', 'Cockfosters (pe)', 'Goldhawk Road (rhe)', 'Bank (ns)', 'Swiss Cottage (je)', 'Moorgate (nn)', 'Manor House (pw)', 'Walthamstow Central (vn)']",271.3,7757.0
45,100,10,10,0.1,0.0001,"[272, 272, 272, 272, 270, 268, 270, 272, 272, 272]","[5994, 7434, 7094, 4142, 19999, 19999, 19999, 8171, 3960, 9199]","['Chesham (mn)', 'Amersham (mn)', 'Chesham (mn)', 'Watford (mn)', 'Wembley Park (je)', 'London Bridge (nn)', 'Stratford (je)', 'Regents Park (bn)', 'Bayswater (rdw)', 'Mill Hill East (nn)']",271.2,7802.5
41,100,1,100,0.1,0.0001,"[272, 272, 272, 272, 272, 272, 272, 271, 272, 272]","[7140, 7437, 4502, 3492, 11680, 11585, 8298, 19999, 10160, 8211]","['Amersham (mn)', 'Chesham (mn)', 'Roding Valley (ce)', 'Richmond (dw)', 'Amersham (mn)', 'Chesham (mn)', 'Richmond (dw)', 'West Ruislip (cw)', 'Amersham (mn)', 'Great Portland Street (rhme)']",271.9,8254.5
18,10,1,1,0.1,0.1,"[272, 272, 272, 272, 272, 272, 272, 272, 272, 271]","[6411, 5777, 15376, 6598, 2977, 10642, 16153, 8860, 7847, 19999]","['Chesham (mn)', 'Amersham (mn)', 'Chesham (mn)', 'Richmond (dw)', 'Battersea Power Station (ns)', 'Amersham (mn)', 'Chesham (mn)', 'Watford (mn)', 'Richmond (dw)', 'Leicester Square (pe)']",271.9,8353.5
51,100,100,10,0.1,0.0001,"[272, 272, 272, 272, 272, 272, 272, 272, 271, 272]","[3933, 14175, 5773, 3811, 6384, 5460, 12047, 17552, 19999, 10456]","['Amersham (mn)', 'Chesham (mn)', 'Bromley-by-Bow (dhe)', 'Lambeth North (bs)', 'Chesham (mn)', 'Lambeth North (bs)', 'Upminster (de)', 'Amersham (mn)', 'Gants Hill (ce)', 'Roding Valley (ce)']",271.9,8420.0
46,100,10,100,0.1,0.1,"[272, 272, 270, 272, 272, 272, 272, 272, 272, 272]","[6375, 7273, 19999, 13985, 10832, 8941, 9043, 7664, 7013, 9266]","['Amersham (mn)', 'Chesham (mn)', 'North Greenwich (jw)', 'Sloane Square (rdw)', 'Mill Hill East (nn)', 'Harrow & Wealdstone (bn)', 'High Street Kensington (rdw)', 'Regents Park (bn)', 'Harrow & Wealdstone (bn)', 'Mill Hill East (nn)']",271.8,8992.0
59,1000,1,100,0.1,0.0001,"[272, 272, 272, 270, 268, 272, 267, 272, 272, 272]","[5345, 8516, 6011, 19999, 19999, 18501, 19999, 9422, 6168, 9438]","['Chesham (mn)', 'Amersham (mn)', 'Watford (mn)', 'Putney Bridge (dw)', 'Embankment (rde)', 'Chesham (mn)', 'Hammersmith (RH) (rhe)', 'Bethnal Green (ce)', 'Blackhorse Road (vn)', 'Mill Hill East (nn)']",270.9,9430.0
71,1000,100,100,0.1,0.0001,"[272, 272, 272, 270, 271, 270, 272, 272, 272, 272]","[4149, 12138, 6129, 19999, 19999, 19999, 8094, 11694, 7306, 7283]","['Amersham (mn)', 'Chesham (mn)', 'Epping (ce)', 'Hyde Park Corner (pe)', 'Regents Park (bs)', 'South Harrow (pw)', 'Epping (ce)', 'Epping (ce)', 'Upminster (de)', 'Epping (ce)']",271.5,9894.0
42,100,10,1,0.1,0.1,"[272, 272, 272, 272, 272, 270, 272, 271, 270, 270]","[5044, 7759, 11442, 5664, 8873, 19999, 7699, 19999, 19999, 19999]","['Blackhorse Road (vn)', 'Chesham (mn)', 'Amersham (mn)', 'Chesham (mn)', 'Watford (mn)', 'South Kensington', 'Epping (ce)', 'Old Street (nn)', 'Baker Street (bn)', 'Upminster Bridge (dw)']",271.3,10157.5
66,1000,100,1,0.1,0.1,"[272, 272, 272, 270, 272, 272, 272, 272, 272, 272]","[10465, 14405, 9289, 19999, 7955, 12692, 15317, 10652, 6623, 8799]","['Amersham (mn)', 'Chesham (mn)', 'Uxbridge (mpn)', 'Westminster (jw)', 'Barbican (rhme)', 'Uxbridge (mpn)', 'Epping (ce)', 'Epping (ce)', 'Edgware (nn)', 'Richmond (dw)']",271.8,10558.5
40,100,1,100,0.1,0.1,"[272, 272, 272, 272, 272, 271, 272, 272, 272, 272]","[5485, 9789, 11055, 7170, 12630, 19999, 12393, 11487, 8137, 10899]","['Amersham (mn)', 'Chesham (mn)', 'Watford (mn)', 'Richmond (dw)', 'Amersham (mn)', 'Clapham Common (ns)', 'Brixton (vs)', 'Kentish Town (ns)', 'St Jamess Park (rdw)', 'Uxbridge (mpn)']",271.9,10977.0
68,1000,100,10,0.1,0.1,"[272, 272, 272, 270, 269, 272, 271, 272, 272, 272]","[3589, 12314, 7211, 19999, 19999, 7625, 19999, 19902, 12230, 7881]","['Chesham (mn)', 'Amersham (mn)', 'Stanmore (jw)', 'Goodge Street (ns)', 'Bond Street (je)', 'Bayswater (rdw)', 'Bond Street (jw)', 'Stanmore (jw)', 'Mill Hill East (nn)', 'South Woodford (cw)']",271.4,12272.0
43,100,10,1,0.1,0.0001,"[272, 272, 272, 272, 272, 272, 271, 271, 269, 271]","[5050, 4523, 11440, 10056, 15382, 8343, 19999, 19999, 19999, 19999]","['Heathrow Terminal 5 (pw)', 'Heathrow Terminal 5 (pw)', 'Heathrow Terminal 4 (pw)', 'Heathrow Terminal 5 (pw)', 'Heathrow Terminal 5 (pw)', 'Oakwood (pe)', 'Embankment', 'Stratford (cw)', 'Monument (rde)', 'St Pauls (ce)']",271.4,13411.0
38,100,1,10,0.1,0.1,"[272, 272, 272, 271, 271, 271, 271, 272, 272, 272]","[5684, 9612, 8534, 19999, 19999, 19999, 19999, 9234, 15187, 12415]","['Chesham (mn)', 'Amersham (mn)', 'Seven Sisters (vs)', 'Finsbury Park (vs)', 'Warwick Avenue (bn)', 'Mile End (dhw)', 'Morden (nn)', 'Watford (mn)', 'Uxbridge (mpn)', 'Harrow & Wealdstone (bn)']",271.6,13801.0
70,1000,100,100,0.1,0.1,"[272, 272, 272, 270, 270, 272, 272, 272, 272, 272]","[7113, 7685, 6117, 19999, 19999, 10898, 18560, 17714, 11820, 16863]","['Chesham (mn)', 'Amersham (mn)', 'Leicester Square (pe)', 'Finchley Central', 'Wood Green (pe)', 'Upminster (de)', 'Amersham (mn)', 'Chesham (mn)', 'High Barnet (nn)', 'Epping (ce)']",271.6,14341.5
36,100,1,1,0.1,0.1,"[272, 272, 272, 270, 268, 272, 270, 270, 272, 272]","[6741, 12081, 5423, 19999, 19999, 7672, 19999, 19999, 16659, 6266]","['Chesham (mn)', 'Amersham (mn)', 'Watford (mn)', 'Barons Court (dw)', 'Piccadilly Circus', 'Cockfosters (pe)', 'Ealing Common (pe)', 'Angel (ns)', 'Cockfosters (pe)', 'Brixton (vs)']",271.0,14370.0
64,1000,10,100,0.1,0.1,"[272, 272, 272, 272, 272, 272, 272, 271, 271, 271]","[5614, 5294, 16884, 10460, 13749, 19103, 8228, 19999, 19999, 19999]","['Heathrow Terminal 5 (pw)', 'Heathrow Terminal 4 (pw)', 'Heathrow Terminal 5 (pw)', 'Bermondsey (jw)', 'Mornington Crescent (nn)', 'Upminster (de)', 'Heathrow Terminal 4 (pw)', 'Warren Street', 'Kings Cross St Pancras (pe)', 'Harrow & Wealdstone (bn)']",271.7,15316.5
60,1000,10,1,0.1,0.1,"[272, 272, 272, 270, 270, 272, 272, 272, 272, 271]","[9772, 12338, 13600, 19999, 19999, 18279, 18146, 13803, 8733, 19999]","['Chesham (mn)', 'Amersham (mn)', 'Watford (mn)', 'Earls Court (dw)', 'Green Park', 'Chesham (mn)', 'Watford (mn)', 'Chesham (mn)', 'Walthamstow Central (vn)', 'Woodford (cw2)']",271.5,15974.5
61,1000,10,1,0.1,0.0001,"[272, 272, 272, 270, 272, 272, 270, 269, 272, 272]","[6778, 14983, 11067, 19999, 17011, 17555, 19999, 19999, 10415, 11309]","['Amersham (mn)', 'Chesham (mn)', 'High Barnet (nn)', 'Green Park', 'Amersham (mn)', 'Mill Hill East (nn)', 'Tottenham Court Road (nn)', 'Finchley Road (ms)', 'Mill Hill East (nn)', 'Totteridge & Whetstone (nn)']",271.3,15997.0
54,1000,1,1,0.1,0.1,"[272, 272, 272, 270, 270, 271, 270, 272, 272, 271]","[12088, 13249, 14307, 19999, 19999, 19999, 19999, 5974, 8914, 19999]","['Chesham (mn)', 'Amersham (mn)', 'Walthamstow Central (vn)', 'Leytonstone (cw)', 'Aldgate (rmw)', 'Kensal Green (bs)', 'Liverpool Street (rhme)', 'Paddington (RH) (rhe)', 'Mill Hill East (nn)', 'Latimer Road (rhe)']",271.2,17153.0
55,1000,1,1,0.1,0.0001,"[272, 272, 272, 272, 272, 261, 266, 270, 270, 257]","[5240, 17623, 12113, 10217, 12514, 19999, 19999, 19999, 19999, 19999]","['Amersham (mn)', 'Chesham (mn)', 'Watford (mn)', 'Chesham (mn)', 'Harrow & Wealdstone (bn)', 'Greenford (cw)', 'Aldgate', 'Turnham Green (de)', 'Theydon Bois (cw)', 'Brixton (vn)']",268.4,18811.0
63,1000,10,10,0.1,0.0001,"[272, 272, 272, 272, 272, 271, 271, 267, 267, 271]","[5971, 12473, 19939, 7430, 7771, 19999, 19999, 19999, 19999, 19999]","['Amersham (mn)', 'Chesham (mn)', 'Watford (mn)', 'Bethnal Green (cw)', 'Chesham (mn)', 'Great Portland Street (rhme)', 'South Kensington (pe)', 'Turnpike Lane (pw)', 'North Harrow (mn)', 'Green Park (jw)']",270.7,19969.0
62,1000,10,10,0.1,0.1,"[272, 272, 270, 272, 271, 272, 271, 271, 271, 270]","[4372, 11089, 19999, 7087, 19999, 16276, 19999, 19999, 19999, 19999]","['Amersham (mn)', 'Chesham (mn)', 'Warwick Avenue (bs)', 'Farringdon (rhmw)', 'South Harrow (pe)', 'Highbury & Islington (vn)', 'Regents Park (bs)', 'Northwood (mn)', 'Moorgate (rhme)', 'Ruislip Gardens']",271.2,19999.0
56,1000,1,10,0.1,0.1,"[272, 272, 267, 272, 271, 254, 269, 263, 272, 271]","[9136, 12056, 19999, 7550, 19999, 19999, 19999, 19999, 14879, 19999]","['Chesham (mn)', 'Walthamstow Central (vn)', 'Aldgate (rme)', 'Upminster (de)', 'Wimbledon Park (dw)', 'Walthamstow Central (vs)', 'Brent Cross (ns)', 'Northolt (cw)', 'Upminster (de)', 'South Harrow (pe)']",268.3,19999.0
57,1000,1,10,0.1,0.0001,"[272, 272, 271, 272, 269, 269, 271, 269, 269, 269]","[3853, 10058, 19999, 12516, 19999, 19999, 19999, 19999, 19999, 19999]","['Heathrow Terminal 4 (pw)', 'Heathrow Terminal 5 (pw)', 'Hatton Cross (pe)', 'Charing Cross (bn)', 'West Harrow (mn)', 'Liverpool Street (cw)', 'St Pauls (ce)', 'Neasden (jw)', 'Blackhorse Road (vn)', 'Kings Cross St Pancras (pe)']",270.3,19999.0
58,1000,1,100,0.1,0.1,"[272, 272, 271, 272, 271, 269, 269, 268, 264, 269]","[4196, 6530, 19999, 17443, 19999, 19999, 19999, 19999, 19999, 19999]","['Heathrow Terminal 4 (pw)', 'Heathrow Terminal 5 (pw)', 'Finchley Road (je)', 'Brixton (vs)', 'Becontree (dw)', 'Finsbury Park (pe)', 'Turnham Green', 'Farringdon (rhmw)', 'Mile End', 'Chiswick Park (dw)']",269.7,19999.0
